{
    "wire_dimension": 10,
    "hidden_layers": [
        10,
        10
    ],
    "is_in_hidden_layers": [
        10,
        10
    ],
    "relevance_hidden_layers": [
        10,
        10
    ],
    "softmax_relevancies": false,
    "softmax_logits": false,
    "expansion_hidden_layers": [
        20,
        50
    ],
    "contraction_hidden_layers": [
        50,
        20
    ],
    "latent_dimension": 100,
    "textspace_dimension": 20,
    "qna_hidden_layers": [
        10,
        10
    ],
    "lstm_dimension": 10
}